customer_id,age,income,education,marital_status,credit_score,loan_amount,employment_years,default_status,last_payment_date,phone_number,email,city,state,zip_code,product_type,purchase_frequency,avg_monthly_spend,last_login,account_created
CUST001,25.0,45000,Bachelor,Married,720.0,15000.0,3.0,0.0,2023-12-15,677,john.doe@email.com,New York,NY,10001,credit_card,monthly,850.5,2024-01-15 10:30:00,2020-03-15
CUST002,32.0,75000,Master,Divorced,680.0,25000.0,8.0,1.0,2023-11-20,5550124,,Chicago,IL,60601,personal_loan,quarterly,1200.75,2024-01-10 14:22:00,2019-07-22
CUST003,28.0,52000,Bachelor,Married,750.0,18000.0,4.0,0.0,2023-12-01,5550125,bob.wilson@email.com,Los Angeles,CA,90210,credit_card,weekly,650.25,2024-01-20 09:15:00,2021-01-10
CUST004,42.0,95000,PhD,Married,800.0,35000.0,12.0,0.0,2023-12-30,5550126,alice.brown@email.com,Houston,TX,77001,mortgage,annually,2500.0,2024-01-18 16:45:00,2018-05-30
CUST005,31.0,38000,High School,Single,620.0,12000.0,2.0,1.0,2023-10-15,5550127,,Miami,FL,33101,personal_loan,monthly,450.0,2024-01-12 11:30:00,2022-02-14
CUST006,29.0,58000,Bachelor,Single,710.0,20000.0,5.0,0.0,2023-12-25,5550128,diana.garcia@email.com,Seattle,WA,98101,credit_card,bi-weekly,850.5,2024-01-22 13:20:00,2020-11-08
CUST007,45.0,110000,Master,Married,820.0,50000.0,15.0,0.0,2023-12-28,5550129,frank.miller@email.com,Boston,MA,02101,mortgage,annually,3200.75,2024-01-19 08:45:00,2017-09-12
CUST008,26.0,42000,Associate,Married,650.0,15000.0,1.0,1.0,2023-09-10,5550130,,Phoenix,AZ,85001,personal_loan,monthly,520.25,,2023-01-05
CUST009,38.0,78000,Bachelor,Divorced,740.0,28000.0,9.0,0.0,2023-12-20,5550131,henry.taylor@email.com,Denver,CO,80201,credit_card,monthly,1100.0,2024-01-21 12:00:00,2019-12-03
CUST010,33.0,63000,Master,Married,760.0,22000.0,6.0,0.0,2023-12-18,5550132,iris.white@email.com,Atlanta,GA,30301,personal_loan,quarterly,950.75,2024-01-16 17:30:00,2020-08-20
CUST011,27.0,48000,Bachelor,Single,690.0,16000.0,3.0,0.0,2023-12-05,5551330000,,San Francisco,CA,94101,credit_card,weekly,720.5,2024-01-17 14:15:00,2021-06-15
CUST012,41.0,88000,Master,Married,720.0,40000.0,11.0,0.0,2023-12-22,5550134,karen.green@email.com,Detroit,MI,48201,mortgage,annually,2800.25,2024-01-23 10:45:00,2018-03-28
CUST013,24.0,35000,High School,Single,600.0,10000.0,1.0,1.0,2023-08-25,5550135,,Las Vegas,NV,89101,personal_loan,monthly,380.0,2024-01-11 16:20:00,2023-03-10
CUST014,36.0,72000,Bachelor,Married,730.0,26000.0,7.0,,2023-12-12,5550136,mary.johnson@email.com,Portland,OR,97201,credit_card,bi-weekly,980.5,2024-01-24 09:30:00,2020-04-18
CUST015,30.0,55000,Associate,Divorsed,670.0,19000.0,4.0,0.0,2023-12-08,5550137,,Austin,TX,78701,personal_loan,monthly,680.75,2024-01-13 11:45:00,2021-09-25
CUST016,47.0,125000,PhD,Married,850.0,60000.0,18.0,0.0,2023-12-31,5550138,olivia.thomas@email.com,Minneapolis,MN,55401,mortgage,annually,4500.0,2024-01-25 07:15:00,2016-11-14
CUST017,32.0,59000,Bachelor,Single,700.0,21000.0,,0.0,2023-12-14,5550139,,Nashville,TN,37201,credit_card,monthly,890.25,2024-01-26 13:40:00,2020-10-12
CUST018,29.0,51000,Master,Married,720.0,17000.0,3.0,0.0,2023-12-03,5550140,quinn.moore@email.com,Orlando,FL,32801,personal_loan,quarterly,750.5,2024-01-27 15:25:00,2021-12-07
CUST019,34.0,67000,Bachelor,Divorced,750.0,24000.0,6.0,0.0,2023-12-16,5550141,rachel.taylor@email.com,San Diego,CA,92101,credit_card,bi-weekly,1050.75,2024-01-28 12:10:00,2019-05-22
CUST020,28.0,46000,Associate,Married,640.0,14000.0,2.0,1.0,,5550142,,Kansas City,MO,64101,personal_loan,monthly,580.0,2024-01-29 14:55:00,2022-07-30
CUST021,39.0,82000,Master,Married,780.0,32000.0,10.0,0.0,2023-12-24,5550143,tina.harris@email.com,Columbus,OH,43201,mortgage,annually,2600.5,2024-01-30 08:20:00,2018-08-15
CUST022,31.0,54000,Bachelor,Single,710.0,18000.0,4.0,0.0,2023-12-10,5550144,,Tampa,FL,33601,credit_card,monthly,820.25,2024-01-31 16:35:00,2020-12-03
CUST023,26.0,41000,High School,Married,630.0,13000.0,1.0,1.0,2023-09-30,5550145,,Pittsburgh,PA,15201,personal_loan,monthly,490.75,2024-02-01 10:15:00,2023-02-20
CUST024,37.0,76000,Bachelor,Divorced,740.0,27000.0,8.0,0.0,2023-12-19,5550146,william.walker@email.com,Charlotte,NC,28201,credit_card,monthly,1150.0,2024-02-02 11:50:00,2019-10-28
CUST025,33.0,61000,Master,Married,760.0,20000.0,5.0,0.0,2023-12-11,5550147,xavier.hall@email.com,Indianapolis,IN,46201,personal_loan,quarterly,850.5,2024-02-03 14:25:00,2020-06-14
CUST026,29.0,49000,Bachelor,Single,690.0,16000.0,,0.0,2023-12-07,5550148,,Milwaukee,WI,53201,credit_card,weekly,710.75,2024-02-04 09:40:00,2021-08-09
CUST027,44.0,98000,PhD,Married,810.0,45000.0,13.0,0.0,2023-12-26,5550149,zachary.young@email.com,Memphis,TN,38101,mortgage,annually,3100.25,2024-02-05 07:30:00,2017-12-11
CUST028,27.0,44000,Associate,Married,660.0,15000.0,2.0,0.0,2023-12-04,5550150,,Louisville,KY,40201,personal_loan,monthly,620.0,2024-02-06 13:15:00,2022-04-17
CUST029,35.0,70000,Bachelor,Divorced,730.0,25000.0,7.0,0.0,2023-12-17,5550151,benjamin.wright@email.com,Baltimore,MD,21201,credit_card,monthly,1080.5,2024-02-07 15:45:00,2019-01-26
CUST030,32.0,57000,Master,Married,750.0,19000.0,4.0,0.0,2023-12-13,5550152,catherine.lopez@email.com,Albuquerque,NM,87101,personal_loan,quarterly,850.25,2024-02-08 12:20:00,2020-09-13
CUST031,28.0,47000,Bachelor,Single,680.0,17000.0,3.0,0.0,2023-12-06,5550153,,Tucson,AZ,85701,credit_card,bi-weekly,850.5,2024-02-09 10:05:00,2021-11-21
CUST032,40.0,89000,Master,Married,790.0,38000.0,12.0,0.0,2023-12-23,5550154,elena.scott@email.com,Fresno,,93701,mortgage,annually,2700.0,2024-02-10 08:50:00,2018-06-04
CUST033,25.0,39000,High School,Single,610.0,12000.0,1.0,1.0,2023-10-20,5550155,,Sacramento,CA,95801,personal_loan,monthly,420.5,2024-02-11 16:10:00,2023-05-08
CUST034,38.0,74000,Bachelor,Divorced,720.0,26000.0,9.0,0.0,2023-12-21,5550156,gloria.baker@email.com,Mesa,AZ,85201,credit_card,monthly,1020.25,2024-02-12 11:35:00,2019-03-19
CUST035,31.0,56000,Associate,Married,700.0,18000.0,4.0,0.0,2023-12-09,5550157,harold.gonzalez@gmail.com,Virginia Beach,VA,23451,personal_loan,monthly,760.0,2024-02-13 14:00:00,2020-11-02
CUST036,36.0,71000,Master,Married,740.0,24000.0,8.0,0.0,2023-12-15,5550158,isabel.nelson@email.com,Omaha,NE,68101,credit_card,monthly,980.75,2024-02-14 09:25:00,2019-07-16
CUST037,29.0,50000,Bachelor,Single,720.0,16000.0,3.0,0.0,2023-12-02,5550159,,Colorado Springs,CO,80901,personal_loan,quarterly,690.5,2024-02-15 12:40:00,2021-04-12
CUST038,42.0,86000,PhD,Married,800.0,35000.0,11.0,0.0,2023-12-27,5550160,katherine.mitchell@email.com,Raleigh,NC,27601,mortgage,annually,2400.25,2024-02-16 07:15:00,2018-02-28
CUST039,27.0,45000,,Married,650.0,14000.0,2.0,0.0,2023-12-01,5550161,,Miami,,33125,personal_loan,monthly,580.0,2024-02-17 15:30:00,2022-08-14
CUST040,34.0,65000,Bachelor,,730.0,,6.0,0.0,2023-12-14,5550162,michelle.roberts@email.com,Long Beach,CA,90801,credit_card,monthly,920.5,2024-02-18 11:20:00,2020-01-09
CUST041,30.0,52000,Master,Married,720.0,18000.0,4.0,0.0,2023-12-11,5550163,nathan.turner@email.com,Atlanta,GA,30309,personal_loan,quarterly,810.75,2024-02-19 13:55:00,2021-02-25
CUST042,26.0,43000,Bachelor,Single,660.0,15000.0,2.0,0.0,2023-12-08,5550164,,Oakland,CA,94601,credit_card,bi-weekly,650.25,2024-02-20 10:10:00,
CUST043,39.0,78000,Master,Married,770.0,30000.0,10.0,0.0,2023-12-18,5550165,patrick.campbell@email.com,Minnesota,MN,55403,mortgage,annually,2200.0,2024-02-21 08:45:00,2018-09-22
CUST044,33.0,60000,Bachelor,Divorced,740.0,20000.0,5.0,0.0,2023-12-16,5550166,,Tulsa,OK,74101,personal_loan,monthly,880.5,2024-02-22 14:15:00,2020-05-07
CUST045,28.0,48000,Associate,,680.0,16000.0,3.0,0.0,2023-12-05,5550167,,Cleveland,OH,44101,credit_card,monthly,720.25,2024-02-23 12:30:00,2021-12-11
CUST046,37.0,75000,Master,Married,760.0,27000.0,8.0,0.0,2023-12-19,5550168,steven.edwards@email.com,Wichita,KS,67201,personal_loan,quarterly,1050.0,2024-02-24 16:20:00,2019-11-03
CUST047,31.0,54000,Bachelor,Single,700.0,18000.0,4.0,0.0,2023-12-12,5550169,,Arlington,TX,76001,Unknown,Unknown,790.75,2024-02-25 09:50:00,2020-07-29
CUST048,35.0,68000,,Divorced,730.0,24000.0,7.0,0.0,2023-12-17,5550170,ulrich.stewart@email.com,New Orleans,LA,70112,mortgage,annually,1900.5,2024-02-26 11:05:00,2019-04-16
CUST049,32.0,49000,Bachelor,Married,690.0,17000.0,3.0,0.0,2023-12-09,5550171,,Las Vegas,NV,89109,personal_loan,monthly,680.0,2024-02-27 13:40:00,2021-06-02
CUST050,32.0,58000,Associate,Divorced,710.0,19000.0,5.0,0.0,2023-12-13,5550172,,Portland,OR,97205,Unknown,bi-weekly,850.25,2024-02-28 15:15:00,2020-12-19
